"Solução";"Custo da Solução";"Estados Expandidos";"Estados Visitados";"Tempo de Execução"
"sim";18;193;118;0.000098
"sim";20;505;308;0.000235
"sim";20;963;600;0.000452
"sim";31;14679;9715;0.024427
"sim";31;23637;16059;0.060011
"não";0;181439;181440;11.500990
"não";0;181439;181440;11.501375
