"Solução";"Custo da Solução";"Estados Expandidos";"Estados Visitados";"Tempo de Execução"
"sim";18;193;118;0.000096
"sim";20;505;308;0.000216
"sim";20;963;600;0.000391
"sim";31;14679;9715;0.019653
"sim";31;23637;16059;0.048165
"não";0;181439;181440;10.356999
"não";0;181439;181440;9.747409
