"Solução";"Custo da Solução";"Estados gerados";"Estados explorados";"Tempo de Execução"
"sim";18;451;282;0.000500
"sim";20;765;476;0.000569
"sim";20;1223;784;0.000671
"sim";31;17063;11347;0.011891
"sim";31;15664;10366;0.009593
"não";0;181390;185611;3.411793
"não";0;181397;185727;3.389602
