"Solução";"Custo da Solução";"Estados Expandidos";"Estados Visitados";"Tempo de Execução"
"sim";18;568;347;0.000475
"sim";20;1132;723;0.000796
"sim";20;1381;862;0.000738
"sim";31;19456;13006;0.022651
"sim";31;16894;11195;0.016139
"não";0;181439;187046;3.989595
"não";0;181439;187429;4.127050
