"Solução";"Custo da Solução";"Estados Expandidos";"Estados Visitados";"Tempo de Execução"
"sim";18;416;268;0.000477
"sim";20;799;504;0.000480
"sim";20;1408;877;0.000809
"sim";31;24978;18351;0.041883
"sim";31;25500;18569;0.040825
"não";0;181439;190859;4.257133
"não";0;181439;187350;3.940600
