"Solução";"Custo da Solução";"Estados gerados";"Estados explorados";"Tempo de Execução"
"sim";18;420;259;0.000379
"sim";20;908;571;0.000493
"sim";20;927;568;0.000627
"sim";31;19388;12842;0.014214
"sim";31;15991;10470;0.009316
"não";0;181398;186086;3.436280
"não";0;181402;187103;3.486024
